Time Stamp,Region,Latitude,Longitude,Density
03-16-2020,Alhambra,34.093042,-118.12706,2.306645445528568e-05
03-16-2020,Arcadia,34.136207500000005,-118.0401497,1.7546014422823854e-05
03-16-2020,Beverly Hills,34.0696501,-118.3963062,2.8858363153641924e-05
03-16-2020,Boyle Heights,34.033165600000004,-118.2048648,5.7308560752805254e-05
03-16-2020,Carson,33.832204299999994,-118.2517547,8.457088731774973e-06
03-16-2020,Diamond Bar,34.02862260000001,-117.8103367,3.500971519596688e-05
03-16-2020,Encino,34.1591324,-118.5016166,7.053346813062798e-05
03-16-2020,Gardena,33.8963593,-118.3053037,1.648016612007449e-05
03-16-2020,Glendale,34.146941600000005,-118.2478471,9.920388879244067e-06
03-16-2020,Glendora,34.136118700000004,-117.865339,1.8907165815844207e-05
03-16-2020,Granada Hills,34.26615579999999,-118.5174342,5.1746442432082794e-05
03-16-2020,Inglewood,33.9562003,-118.353132,1.718818484173979e-05
03-16-2020,La Mirada,33.906097100000004,-118.0107092,3.6628694919600016e-05
03-16-2020,Lancaster,34.6981064,-118.1366153,5.897895630838917e-06
03-16-2020,Manhattan Beach,33.8915985,-118.3951241,5.466372697290501e-05
03-16-2020,Melrose,34.0536909,-118.2427666,2.5761908442177396e-05
03-16-2020,Northridge,34.2345615,-118.5369316,1.4759058372075862e-05
03-16-2020,San Dimas,34.1066756,-117.8067257,2.9129041654529566e-05
03-16-2020,San Pedro,33.7358518,-118.2922934,1.2530543199047678e-05
03-16-2020,Santa Monica,34.0194704,-118.4912273,1.0705491917353602e-05
03-16-2020,Sherman Oaks,34.1508718,-118.4489865,2.3538550260689445e-05
03-16-2020,Silverlake,34.08276970000001,-118.273646,2.315457997591924e-05
03-16-2020,Tarzana,34.1714436,-118.5429789,0.0001654150263009892
03-16-2020,Torrance,33.83584920000001,-118.3406288,1.3634566352617155e-05
03-16-2020,Venice,33.995044,-118.4668875,2.929458636044059e-05
03-16-2020,West Adams,34.0294356,-118.3524833,3.556061306496924e-05
03-16-2020,West Hills,34.2032325,-118.645476,7.221433213778495e-05
03-16-2020,West Hollywood,34.0923014,-118.3692894,0.0001396726074082351
03-16-2020,West Vernon,34.007135,-118.22525,1.614465611882467e-05
03-16-2020,Westchester,33.9597349,-118.4006322,1.9685814402141816e-05
03-17-2020,Alhambra,34.093042,-118.12706,1.153322722764284e-05
03-17-2020,Altadena,34.1863161,-118.13523290000002,1.8712925017309457e-05
03-17-2020,Arcadia,34.136207500000005,-118.0401497,1.7546014422823854e-05
03-17-2020,Baldwin Hills,34.01098870000001,-118.3370709,3.3340001333600056e-05
03-17-2020,Beverly Hills,34.0696501,-118.3963062,2.8858363153641924e-05
03-17-2020,Boyle Heights,34.033165600000004,-118.2048648,5.7308560752805254e-05
03-17-2020,Brentwood,34.0521403,-118.4740699,1.927116455647415e-05
03-17-2020,Carson,33.832204299999994,-118.2517547,8.457088731774973e-06
03-17-2020,Culver City,34.0211224,-118.3964665,3.5466652480005676e-05
03-17-2020,Diamond Bar,34.02862260000001,-117.8103367,3.500971519596688e-05
03-17-2020,Eagle Rock,34.1388968,-118.2139624,2.5526483726866623e-05
03-17-2020,Encino,34.1591324,-118.5016166,0.00011755578021771331
03-17-2020,Gardena,33.8963593,-118.3053037,1.648016612007449e-05
03-17-2020,Glendale,34.146941600000005,-118.2478471,1.48805833188661e-05
03-17-2020,Granada Hills,34.26615579999999,-118.5174342,5.1746442432082794e-05
03-17-2020,Hollywood,34.0980031,-118.3295232,1.5397881251539788e-05
03-17-2020,Hollywood Hills,34.1311792,-118.3355474,6.926406926406926e-05
03-17-2020,Inglewood,33.9562003,-118.353132,8.594092420869895e-06
03-17-2020,La Mirada,33.906097100000004,-118.0107092,5.4943042379400023e-05
03-17-2020,Lynwood,33.924831,-118.2024154,1.385252600811758e-05
03-17-2020,Manhattan Beach,33.8915985,-118.3951241,7.288496929720668e-05
03-17-2020,Mar Vista,34.0037605,-118.4391641,2.3871475973359433e-05
03-17-2020,Melrose,34.0536909,-118.2427666,0.00011592858798979828
03-17-2020,Monterey Park,34.051522,-118.129807,1.6360988858166587e-05
03-17-2020,North Hollywood,34.1729044,-118.3740371,6.607027234166259e-06
03-17-2020,Northridge,34.2345615,-118.5369316,1.4759058372075862e-05
03-17-2020,Reseda,34.200078399999995,-118.5369884,1.319992608041395e-05
03-17-2020,San Dimas,34.1066756,-117.8067257,2.9129041654529566e-05
03-17-2020,San Pedro,33.7358518,-118.2922934,1.2530543199047678e-05
03-17-2020,Santa Clarita,34.3916641,-118.542586,9.11759878918288e-06
03-17-2020,Santa Monica,34.0194704,-118.4912273,1.0705491917353602e-05
03-17-2020,Sherman Oaks,34.1508718,-118.4489865,2.3538550260689445e-05
03-17-2020,Silverlake,34.08276970000001,-118.273646,2.315457997591924e-05
03-17-2020,Tarzana,34.1714436,-118.5429789,0.0001654150263009892
03-17-2020,Torrance,33.83584920000001,-118.3406288,6.817283176308577e-06
03-17-2020,Venice,33.995044,-118.4668875,5.858917272088118e-05
03-17-2020,West Adams,34.0294356,-118.3524833,3.556061306496924e-05
03-17-2020,West Hills,34.2032325,-118.645476,7.221433213778495e-05
03-17-2020,West Hollywood,34.0923014,-118.3692894,0.00022347617185317615
03-17-2020,West Vernon,34.007135,-118.22525,1.614465611882467e-05
03-17-2020,Westchester,33.9597349,-118.4006322,3.937162880428363e-05
03-17-2020,Woodland Hills,34.1684364,-118.6058382,3.0987093875400895e-05
03-18-2020,Alhambra,34.093042,-118.12706,1.153322722764284e-05
03-18-2020,Arcadia,34.136207500000005,-118.0401497,3.509202884564771e-05
03-18-2020,Baldwin Hills,34.01098870000001,-118.3370709,3.3340001333600056e-05
03-18-2020,Beverly Hills,34.0696501,-118.3963062,0.0001154334526145677
03-18-2020,Boyle Heights,34.033165600000004,-118.2048648,5.7308560752805254e-05
03-18-2020,Brentwood,34.0521403,-118.4740699,3.85423291129483e-05
03-18-2020,Carson,33.832204299999994,-118.2517547,8.457088731774973e-06
03-18-2020,Culver City,34.0211224,-118.3964665,3.5466652480005676e-05
03-18-2020,Diamond Bar,34.02862260000001,-117.8103367,3.500971519596688e-05
03-18-2020,Eagle Rock,34.1388968,-118.2139624,2.5526483726866623e-05
03-18-2020,Encino,34.1591324,-118.5016166,0.00014106693626125596
03-18-2020,Gardena,33.8963593,-118.3053037,1.648016612007449e-05
03-18-2020,Glendale,34.146941600000005,-118.2478471,1.9840777758488133e-05
03-18-2020,Granada Hills,34.26615579999999,-118.5174342,5.1746442432082794e-05
03-18-2020,Hollywood,34.0980031,-118.3295232,7.698940625769894e-05
03-18-2020,Hollywood Hills,34.1311792,-118.3355474,6.926406926406926e-05
03-18-2020,Inglewood,33.9562003,-118.353132,8.594092420869895e-06
03-18-2020,La Mirada,33.906097100000004,-118.0107092,5.4943042379400023e-05
03-18-2020,Lynwood,33.924831,-118.2024154,1.385252600811758e-05
03-18-2020,Manhattan Beach,33.8915985,-118.3951241,7.288496929720668e-05
03-18-2020,Mar Vista,34.0037605,-118.4391641,2.3871475973359433e-05
03-18-2020,Melrose,34.0536909,-118.2427666,1.2880954221088698e-05
03-18-2020,Monterey Park,34.051522,-118.129807,3.2721977716333175e-05
03-18-2020,North Hollywood,34.1729044,-118.3740371,1.3214054468332518e-05
03-18-2020,Northridge,34.2345615,-118.5369316,1.4759058372075862e-05
03-18-2020,Reseda,34.200078399999995,-118.5369884,1.319992608041395e-05
03-18-2020,San Dimas,34.1066756,-117.8067257,2.9129041654529566e-05
03-18-2020,San Pedro,33.7358518,-118.2922934,1.2530543199047678e-05
03-18-2020,Santa Clarita,34.3916641,-118.542586,9.11759878918288e-06
03-18-2020,Santa Monica,34.0194704,-118.4912273,3.211647575206081e-05
03-18-2020,Sherman Oaks,34.1508718,-118.4489865,4.707710052137889e-05
03-18-2020,Silverlake,34.08276970000001,-118.273646,2.315457997591924e-05
03-18-2020,Sylmar,34.307625200000004,-118.4492148,1.208473818414724e-05
03-18-2020,Tarzana,34.1714436,-118.5429789,0.0001654150263009892
03-18-2020,Torrance,33.83584920000001,-118.3406288,1.3634566352617155e-05
03-18-2020,Venice,33.995044,-118.4668875,0.00011717834544176236
03-18-2020,Walnut,34.0202894,-117.8653386,3.325905477766322e-05
03-18-2020,West Adams,34.0294356,-118.3524833,3.556061306496924e-05
03-18-2020,West Hills,34.2032325,-118.645476,7.221433213778495e-05
03-18-2020,West Hollywood,34.0923014,-118.3692894,0.0003072797362981172
03-18-2020,West Vernon,34.007135,-118.22525,1.614465611882467e-05
03-18-2020,Westchester,33.9597349,-118.4006322,3.937162880428363e-05
03-18-2020,Woodland Hills,34.1684364,-118.6058382,4.648064081310134e-05
03-19-2020,Alhambra,34.093042,-118.12706,2.306645445528568e-05
03-19-2020,Arcadia,34.136207500000005,-118.0401497,3.509202884564771e-05
03-19-2020,Baldwin Hills,34.01098870000001,-118.3370709,3.3340001333600056e-05
03-19-2020,Beverly Hills,34.0696501,-118.3963062,0.0001154334526145677
03-19-2020,Beverlywood,34.0466335,-118.395038,7.165890361877464e-05
03-19-2020,Boyle Heights,34.033165600000004,-118.2048648,5.7308560752805254e-05
03-19-2020,Brentwood,34.0521403,-118.4740699,0.00025052513923416394
03-19-2020,Burbank,34.181648200000005,-118.3258554,9.551828219921294e-06
03-19-2020,Calabasas,34.144664299999995,-118.6440973,3.838624237073433e-05
03-19-2020,Carson,33.832204299999994,-118.2517547,8.457088731774973e-06
03-19-2020,Castaic,34.488882200000006,-118.6228656,3.53045013239188e-05
03-19-2020,Covina,34.0821496,-117.87212379999998,2.0353748142720484e-05
03-19-2020,Crestview,34.0621851,-118.4250119,3.894384297842511e-05
03-19-2020,Culver City,34.0211224,-118.3964665,5.319997872000851e-05
03-19-2020,Diamond Bar,34.02862260000001,-117.8103367,3.500971519596688e-05
03-19-2020,Eagle Rock,34.1388968,-118.2139624,2.5526483726866623e-05
03-19-2020,East Los Angeles,34.0239015,-118.17201570000002,7.874945859747215e-06
03-19-2020,Echo Park,34.0779819,-118.2567824,3.2562683165092806e-05
03-19-2020,Encino,34.1591324,-118.5016166,0.00014106693626125596
03-19-2020,Gardena,33.8963593,-118.3053037,1.648016612007449e-05
03-19-2020,Glendale,34.146941600000005,-118.2478471,1.9840777758488133e-05
03-19-2020,Granada Hills,34.26615579999999,-118.5174342,6.899525657611039e-05
03-19-2020,Hancock Park,34.0677881,-118.3325765,6.283577869238744e-05
03-19-2020,Hawthorne,33.9188589,-118.3483256,8.769468219447172e-06
03-19-2020,Hollywood,34.0980031,-118.3295232,7.698940625769894e-05
03-19-2020,Hollywood Hills,34.1311792,-118.3355474,6.926406926406926e-05
03-19-2020,Inglewood,33.9562003,-118.353132,1.718818484173979e-05
03-19-2020,La Mirada,33.906097100000004,-118.0107092,5.4943042379400023e-05
03-19-2020,Lawndale,33.8885217,-118.3531991,2.3678727031634778e-05
03-19-2020,Lomita,33.8036545,-118.3195014,0.00010921561346410082
03-19-2020,Lynwood,33.924831,-118.2024154,1.385252600811758e-05
03-19-2020,Manhattan Beach,33.8915985,-118.3951241,9.110621162150835e-05
03-19-2020,Mar Vista,34.0037605,-118.4391641,2.3871475973359433e-05
03-19-2020,Melrose,34.0536909,-118.2427666,0.0001416904964319757
03-19-2020,Monterey Park,34.051522,-118.129807,3.2721977716333175e-05
03-19-2020,North Hollywood,34.1729044,-118.3740371,1.982108170249878e-05
03-19-2020,Northridge,34.2345615,-118.5369316,1.4759058372075862e-05
03-19-2020,Palms,34.024732799999995,-118.4116152,2.2143489813994687e-05
03-19-2020,Playa Vista,33.9759574,-118.4181815,3.691126531817511e-05
03-19-2020,Reseda,34.200078399999995,-118.5369884,1.319992608041395e-05
03-19-2020,San Dimas,34.1066756,-117.8067257,2.9129041654529566e-05
03-19-2020,San Pedro,33.7358518,-118.2922934,1.2530543199047678e-05
03-19-2020,Santa Clarita,34.3916641,-118.542586,1.3676398183774321e-05
03-19-2020,Santa Monica,34.0194704,-118.4912273,2.1410983834707204e-05
03-19-2020,Sherman Oaks,34.1508718,-118.4489865,5.884637565172361e-05
03-19-2020,South El Monte,34.0519548,-118.04673390000002,3.1220730565095225e-05
03-19-2020,Stevenson Ranch,34.3864721,-118.5826635,3.92480081635857e-05
03-19-2020,Studio City,34.148398900000004,-118.3961877,9.123810103099054e-05
03-19-2020,Sylmar,34.307625200000004,-118.4492148,1.208473818414724e-05
03-19-2020,Tarzana,34.1714436,-118.5429789,0.0001654150263009892
03-19-2020,Torrance,33.83584920000001,-118.3406288,1.3634566352617155e-05
03-19-2020,Tujunga,34.252225,-118.2884105,3.5466023549439636e-05
03-19-2020,University Park,34.128292200000004,-117.8855566,2.824060999717594e-05
03-19-2020,Valley Glen,34.1826379,-118.4138666,1.8770882606900175e-05
03-19-2020,Van Nuys,34.1866581,-118.448729,1.0769363315240804e-05
03-19-2020,Venice,33.995044,-118.4668875,0.00011717834544176236
03-19-2020,Vermont Knolls,33.9668188,-118.29167,2.7151041242431648e-05
03-19-2020,Walnut,34.0202894,-117.8653386,3.325905477766322e-05
03-19-2020,West Adams,34.0294356,-118.3524833,3.556061306496924e-05
03-19-2020,West Hills,34.2032325,-118.645476,7.221433213778495e-05
03-19-2020,West Hollywood,34.0923014,-118.3692894,0.00033521425777976424
03-19-2020,West Vernon,34.007135,-118.22525,1.614465611882467e-05
03-19-2020,Westchester,33.9597349,-118.4006322,5.905744320642545e-05
03-19-2020,Westwood,34.05612070000001,-118.4306347,3.67505191010823e-05
03-19-2020,Whittier,33.9708782,-118.0308396,2.017796969268952e-05
03-19-2020,Woodland Hills,34.1684364,-118.6058382,4.648064081310134e-05
03-20-2020,Alhambra,34.093042,-118.12706,3.4599681682928514e-05
03-20-2020,Altadena,34.1863161,-118.13523290000002,3.7425850034618914e-05
03-20-2020,Arcadia,34.136207500000005,-118.0401497,3.509202884564771e-05
03-20-2020,Baldwin Hills,34.01098870000001,-118.3370709,3.3340001333600056e-05
03-20-2020,Beverly Hills,34.0696501,-118.3963062,0.00014429181576820963
03-20-2020,Beverlywood,34.0466335,-118.395038,7.165890361877464e-05
03-20-2020,Boyle Heights,34.033165600000004,-118.2048648,5.7308560752805254e-05
03-20-2020,Brentwood,34.0521403,-118.4740699,0.0003083386329035864
03-20-2020,Burbank,34.181648200000005,-118.3258554,9.551828219921294e-06
03-20-2020,Calabasas,34.144664299999995,-118.6440973,3.838624237073433e-05
03-20-2020,Carson,33.832204299999994,-118.2517547,2.5371266195324923e-05
03-20-2020,Castaic,34.488882200000006,-118.6228656,3.53045013239188e-05
03-20-2020,Century City,34.0574263,-118.4147267,0.00014247043738424277
03-20-2020,Covina,34.0821496,-117.87212379999998,2.0353748142720484e-05
03-20-2020,Crestview,34.0621851,-118.4250119,3.894384297842511e-05
03-20-2020,Culver City,34.0211224,-118.3964665,7.093330496001135e-05
03-20-2020,Diamond Bar,34.02862260000001,-117.8103367,3.500971519596688e-05
03-20-2020,Eagle Rock,34.1388968,-118.2139624,2.5526483726866623e-05
03-20-2020,East Los Angeles,34.0239015,-118.17201570000002,7.874945859747215e-06
03-20-2020,Echo Park,34.0779819,-118.2567824,3.2562683165092806e-05
03-20-2020,El Segundo,33.917028,-118.4156337,3.722453841572365e-05
03-20-2020,Encino,34.1591324,-118.5016166,0.00018808924834834128
03-20-2020,Gardena,33.8963593,-118.3053037,1.648016612007449e-05
03-20-2020,Glendale,34.146941600000005,-118.2478471,1.9840777758488133e-05
03-20-2020,Granada Hills,34.26615579999999,-118.5174342,6.899525657611039e-05
03-20-2020,Hancock Park,34.0677881,-118.3325765,6.283577869238744e-05
03-20-2020,Hawthorne,33.9188589,-118.3483256,1.7538936438894344e-05
03-20-2020,Hollywood,34.0980031,-118.3295232,0.00010778516876077852
03-20-2020,Hollywood Hills,34.1311792,-118.3355474,6.926406926406926e-05
03-20-2020,Inglewood,33.9562003,-118.353132,1.718818484173979e-05
03-20-2020,La Mirada,33.906097100000004,-118.0107092,5.4943042379400023e-05
03-20-2020,Lake Balboa,34.1811656,-118.495236,2.400326444396438e-05
03-20-2020,Lakewood,33.8503463,-118.1171914,9.409019486079355e-06
03-20-2020,Lancaster,34.6981064,-118.1366153,1.769368689251675e-05
03-20-2020,Lawndale,33.8885217,-118.3531991,2.3678727031634778e-05
03-20-2020,Lomita,33.8036545,-118.3195014,0.00010921561346410082
03-20-2020,Lynwood,33.924831,-118.2024154,1.385252600811758e-05
03-20-2020,Manhattan Beach,33.8915985,-118.3951241,0.00010932745394581002
03-20-2020,Mar Vista,34.0037605,-118.4391641,7.16144279200783e-05
03-20-2020,Melrose,34.0536909,-118.2427666,0.0001416904964319757
03-20-2020,Miracle Mile,34.008544,-118.133415,2.9352197011946344e-05
03-20-2020,Monterey Park,34.051522,-118.129807,3.2721977716333175e-05
03-20-2020,North Hollywood,34.1729044,-118.3740371,3.3035136170831295e-05
03-20-2020,Northridge,34.2345615,-118.5369316,1.4759058372075862e-05
03-20-2020,Palms,34.024732799999995,-118.4116152,2.2143489813994687e-05
03-20-2020,Park La Brea,34.067401600000004,-118.3552363,0.00014812071838548417
03-20-2020,Playa Vista,33.9759574,-118.4181815,3.691126531817511e-05
03-20-2020,Redondo Beach,33.8455911,-118.38867659999998,1.4426683593975417e-05
03-20-2020,Reseda,34.200078399999995,-118.5369884,2.63998521608279e-05
03-20-2020,San Dimas,34.1066756,-117.8067257,2.9129041654529566e-05
03-20-2020,San Fernando,34.28497,-118.437652,2.064409578860446e-05
03-20-2020,San Pedro,33.7358518,-118.2922934,1.2530543199047678e-05
03-20-2020,Santa Clarita,34.3916641,-118.542586,1.823519757836576e-05
03-20-2020,Santa Monica,34.0194704,-118.4912273,4.282196766941441e-05
03-20-2020,Sherman Oaks,34.1508718,-118.4489865,7.061565078206833e-05
03-20-2020,South El Monte,34.0519548,-118.04673390000002,3.1220730565095225e-05
03-20-2020,South Whittier,33.9435081,-118.0347827,1.5854895991882292e-05
03-20-2020,Stevenson Ranch,34.3864721,-118.5826635,3.92480081635857e-05
03-20-2020,Studio City,34.148398900000004,-118.3961877,9.123810103099054e-05
03-20-2020,Sylmar,34.307625200000004,-118.4492148,1.208473818414724e-05
03-20-2020,Tarzana,34.1714436,-118.5429789,0.000198498031561187
03-20-2020,Torrance,33.83584920000001,-118.3406288,1.3634566352617155e-05
03-20-2020,Tujunga,34.252225,-118.2884105,3.5466023549439636e-05
03-20-2020,University Park,34.128292200000004,-117.8855566,2.824060999717594e-05
03-20-2020,Valley Glen,34.1826379,-118.4138666,5.631264782070053e-05
03-20-2020,Van Nuys,34.1866581,-118.448729,1.0769363315240804e-05
03-20-2020,Venice,33.995044,-118.4668875,0.00011717834544176236
03-20-2020,Vermont Knolls,33.9668188,-118.29167,2.7151041242431648e-05
03-20-2020,Walnut,34.0202894,-117.8653386,6.651810955532644e-05
03-20-2020,West Adams,34.0294356,-118.3524833,3.556061306496924e-05
03-20-2020,West Hills,34.2032325,-118.645476,7.221433213778495e-05
03-20-2020,West Hollywood,34.0923014,-118.3692894,0.0004190178222247053
03-20-2020,West Vernon,34.007135,-118.22525,1.614465611882467e-05
03-20-2020,Westchester,33.9597349,-118.4006322,5.905744320642545e-05
03-20-2020,Westwood,34.05612070000001,-118.4306347,9.187629775270575e-05
03-20-2020,Whittier,33.9708782,-118.0308396,2.017796969268952e-05
03-20-2020,Winnetka,34.2058826,-118.570934,1.7929822674053755e-05
03-20-2020,Woodland Hills,34.1684364,-118.6058382,6.197418775080179e-05
03-21-2020,Alhambra,34.093042,-118.12706,3.4599681682928514e-05
03-21-2020,Altadena,34.1863161,-118.13523290000002,5.613877505192837e-05
03-21-2020,Arcadia,34.136207500000005,-118.0401497,3.509202884564771e-05
03-21-2020,Baldwin Hills,34.01098870000001,-118.3370709,6.668000266720011e-05
03-21-2020,Beverly Hills,34.0696501,-118.3963062,0.00020200854207549348
03-21-2020,Beverlywood,34.0466335,-118.395038,0.00017914725904693657
03-21-2020,Boyle Heights,34.033165600000004,-118.2048648,5.7308560752805254e-05
03-21-2020,Brentwood,34.0521403,-118.4740699,0.00034688096201653467
03-21-2020,Burbank,34.181648200000005,-118.3258554,9.551828219921294e-06
03-21-2020,Calabasas,34.144664299999995,-118.6440973,3.838624237073433e-05
03-21-2020,Carson,33.832204299999994,-118.2517547,2.5371266195324923e-05
03-21-2020,Castaic,34.488882200000006,-118.6228656,3.53045013239188e-05
03-21-2020,Century City,34.0574263,-118.4147267,0.00014247043738424277
03-21-2020,Covina,34.0821496,-117.87212379999998,2.0353748142720484e-05
03-21-2020,Crestview,34.0621851,-118.4250119,0.00015577537191370044
03-21-2020,Culver City,34.0211224,-118.3964665,7.093330496001135e-05
03-21-2020,Del Rey,33.9896527,-118.4243437,6.835737234260716e-05
03-21-2020,Diamond Bar,34.02862260000001,-117.8103367,3.500971519596688e-05
03-21-2020,Eagle Rock,34.1388968,-118.2139624,2.5526483726866623e-05
03-21-2020,East Los Angeles,34.0239015,-118.17201570000002,7.874945859747215e-06
03-21-2020,Echo Park,34.0779819,-118.2567824,3.2562683165092806e-05
03-21-2020,El Segundo,33.917028,-118.4156337,7.44490768314473e-05
03-21-2020,Encino,34.1591324,-118.5016166,2.351115604354266e-05
03-21-2020,Gardena,33.8963593,-118.3053037,1.648016612007449e-05
03-21-2020,Glendale,34.146941600000005,-118.2478471,2.4800972198110166e-05
03-21-2020,Granada Hills,34.26615579999999,-118.5174342,6.899525657611039e-05
03-21-2020,Hancock Park,34.0677881,-118.3325765,0.0001256715573847749
03-21-2020,Hawthorne,33.9188589,-118.3483256,1.7538936438894344e-05
03-21-2020,Hollywood,34.0980031,-118.3295232,0.00018477457501847746
03-21-2020,Hollywood Hills,34.1311792,-118.3355474,6.926406926406926e-05
03-21-2020,Inglewood,33.9562003,-118.353132,1.718818484173979e-05
03-21-2020,La Canada Flintridge,34.1998302,-118.2005236,2.4842868854495316e-05
03-21-2020,La Mirada,33.906097100000004,-118.0107092,5.4943042379400023e-05
03-21-2020,La Verne,34.10084260000001,-117.7678355,2.845273999886189e-05
03-21-2020,Lake Balboa,34.1811656,-118.495236,2.400326444396438e-05
03-21-2020,Lakewood,33.8503463,-118.1171914,9.409019486079355e-06
03-21-2020,Lancaster,34.6981064,-118.1366153,1.769368689251675e-05
03-21-2020,Lawndale,33.8885217,-118.3531991,2.3678727031634778e-05
03-21-2020,Lomita,33.8036545,-118.3195014,0.00015290185884974115
03-21-2020,Lynwood,33.924831,-118.2024154,1.385252600811758e-05
03-21-2020,Manhattan Beach,33.8915985,-118.3951241,0.0001275486962701117
03-21-2020,Mar Vista,34.0037605,-118.4391641,9.548590389343773e-05
03-21-2020,Melrose,34.0536909,-118.2427666,0.00015457145065306437
03-21-2020,Miracle Mile,34.008544,-118.133415,2.9352197011946344e-05
03-21-2020,Montebello,34.0159398,-118.111975,1.569095102854184e-05
03-21-2020,Monterey Park,34.051522,-118.129807,4.908296657449976e-05
03-21-2020,North Hollywood,34.1729044,-118.3740371,3.3035136170831295e-05
03-21-2020,Northridge,34.2345615,-118.5369316,1.4759058372075862e-05
03-21-2020,Palms,34.024732799999995,-118.4116152,2.2143489813994687e-05
03-21-2020,Park La Brea,34.067401600000004,-118.3552363,0.00014812071838548417
03-21-2020,Playa Vista,33.9759574,-118.4181815,7.382253063635022e-05
03-21-2020,Redondo Beach,33.8455911,-118.38867659999998,2.8853367187950835e-05
03-21-2020,Reseda,34.200078399999995,-118.5369884,3.959977824124185e-05
03-21-2020,San Dimas,34.1066756,-117.8067257,2.9129041654529566e-05
03-21-2020,San Fernando,34.28497,-118.437652,2.064409578860446e-05
03-21-2020,San Pedro,33.7358518,-118.2922934,1.2530543199047678e-05
03-21-2020,Santa Clarita,34.3916641,-118.542586,1.823519757836576e-05
03-21-2020,Santa Monica,34.0194704,-118.4912273,5.352745958676801e-05
03-21-2020,Sherman Oaks,34.1508718,-118.4489865,8.238492591241306e-05
03-21-2020,Silverlake,34.08276970000001,-118.273646,6.94637399277577e-05
03-21-2020,South El Monte,34.0519548,-118.04673390000002,3.1220730565095225e-05
03-21-2020,South Whittier,33.9435081,-118.0347827,1.5854895991882292e-05
03-21-2020,Stevenson Ranch,34.3864721,-118.5826635,3.92480081635857e-05
03-21-2020,Studio City,34.148398900000004,-118.3961877,0.00012165080137465406
03-21-2020,Sun Valley,34.2175042,-118.3703576,1.811856790839252e-05
03-21-2020,Sunland,34.266946600000004,-118.3023,2.5997660210581048e-05
03-21-2020,Sylmar,34.307625200000004,-118.4492148,1.208473818414724e-05
03-21-2020,Tarzana,34.1714436,-118.5429789,0.00023158103682138485
03-21-2020,Torrance,33.83584920000001,-118.3406288,1.3634566352617155e-05
03-21-2020,Tujunga,34.252225,-118.2884105,3.5466023549439636e-05
03-21-2020,University Park,34.128292200000004,-117.8855566,2.824060999717594e-05
03-21-2020,Valley Glen,34.1826379,-118.4138666,0.00011262529564140106
03-21-2020,Van Nuys,34.1866581,-118.448729,2.1538726630481607e-05
03-21-2020,Venice,33.995044,-118.4668875,0.00017576751816264356
03-21-2020,Vermont Knolls,33.9668188,-118.29167,2.7151041242431648e-05
03-21-2020,Vermont Vista,33.9419475,-118.2858138,2.27748929580031e-05
03-21-2020,Vernon Central,34.007135,-118.22525,1.8477116091720404e-05
03-21-2020,Walnut,34.0202894,-117.8653386,3.325905477766322e-05
03-21-2020,West Adams,34.0294356,-118.3524833,7.112122612993848e-05
03-21-2020,West Covina,34.0686208,-117.93895259999998,9.286085729143452e-06
03-21-2020,West Hills,34.2032325,-118.645476,9.628577618371327e-05
03-21-2020,West Hollywood,34.0923014,-118.3692894,0.0005028213866696464
03-21-2020,West Vernon,34.007135,-118.22525,3.228931223764934e-05
03-21-2020,Westchester,33.9597349,-118.4006322,5.905744320642545e-05
03-21-2020,Westlake,34.0629226,-118.2728204,1.7040710256803505e-05
03-21-2020,Westwood,34.05612070000001,-118.4306347,9.187629775270575e-05
03-21-2020,Whittier,33.9708782,-118.0308396,2.017796969268952e-05
03-21-2020,Winnetka,34.2058826,-118.570934,1.7929822674053755e-05
03-21-2020,Woodland Hills,34.1684364,-118.6058382,7.746773468850224e-05
03-22-2020,Alhambra,34.093042,-118.12706,3.4599681682928514e-05
03-22-2020,Altadena,34.1863161,-118.13523290000002,5.613877505192837e-05
03-22-2020,Arcadia,34.136207500000005,-118.0401497,3.509202884564771e-05
03-22-2020,Baldwin Hills,34.01098870000001,-118.3370709,0.00010002000400080016
03-22-2020,Bellflower,33.8825705,-118.1167679,1.3147515119642387e-05
03-22-2020,Beverly Hills,34.0696501,-118.3963062,0.0002308669052291354
03-22-2020,Beverlywood,34.0466335,-118.395038,0.0002149767108563239
03-22-2020,Boyle Heights,34.033165600000004,-118.2048648,5.7308560752805254e-05
03-22-2020,Brentwood,34.0521403,-118.4740699,0.0004432367847989054
03-22-2020,Burbank,34.181648200000005,-118.3258554,1.9103656439842588e-05
03-22-2020,Calabasas,34.144664299999995,-118.6440973,7.677248474146866e-05
03-22-2020,Canoga Park,34.2010776,-118.5978259,1.570006594027695e-05
03-22-2020,Carson,33.832204299999994,-118.2517547,3.382835492709989e-05
03-22-2020,Castaic,34.488882200000006,-118.6228656,3.53045013239188e-05
03-22-2020,Century City,34.0574263,-118.4147267,0.00014247043738424277
03-22-2020,Covina,34.0821496,-117.87212379999998,2.0353748142720484e-05
03-22-2020,Crestview,34.0621851,-118.4250119,0.00019471921489212554
03-22-2020,Culver City,34.0211224,-118.3964665,7.093330496001135e-05
03-22-2020,Del Rey,33.9896527,-118.4243437,6.835737234260716e-05
03-22-2020,Diamond Bar,34.02862260000001,-117.8103367,3.500971519596688e-05
03-22-2020,Eagle Rock,34.1388968,-118.2139624,2.5526483726866623e-05
03-22-2020,East Hollywood,34.0904277,-118.2966254,3.356831151393085e-05
03-22-2020,East Los Angeles,34.0239015,-118.17201570000002,1.574989171949443e-05
03-22-2020,Echo Park,34.0779819,-118.2567824,3.2562683165092806e-05
03-22-2020,El Segundo,33.917028,-118.4156337,3.722453841572365e-05
03-22-2020,Encino,34.1591324,-118.5016166,2.351115604354266e-05
03-22-2020,Gardena,33.8963593,-118.3053037,1.648016612007449e-05
03-22-2020,Glendale,34.146941600000005,-118.2478471,2.97611666377322e-05
03-22-2020,Glendora,34.136118700000004,-117.865339,1.8907165815844207e-05
03-22-2020,Granada Hills,34.26615579999999,-118.5174342,6.899525657611039e-05
03-22-2020,Hancock Park,34.0677881,-118.3325765,0.0001570894467309686
03-22-2020,Hawthorne,33.9188589,-118.3483256,1.7538936438894344e-05
03-22-2020,Hollywood,34.0980031,-118.3295232,0.00018477457501847746
03-22-2020,Hollywood Hills,34.1311792,-118.3355474,0.00017316017316017316
03-22-2020,Inglewood,33.9562003,-118.353132,2.5782277262609683e-05
03-22-2020,La Canada Flintridge,34.1998302,-118.2005236,2.4842868854495316e-05
03-22-2020,La Mirada,33.906097100000004,-118.0107092,5.4943042379400023e-05
03-22-2020,La Verne,34.10084260000001,-117.7678355,5.690547999772378e-05
03-22-2020,Lake Balboa,34.1811656,-118.495236,2.400326444396438e-05
03-22-2020,Lakewood,33.8503463,-118.1171914,9.409019486079355e-06
03-22-2020,Lancaster,34.6981064,-118.1366153,2.3591582523355668e-05
03-22-2020,Lawndale,33.8885217,-118.3531991,2.3678727031634778e-05
03-22-2020,Lomita,33.8036545,-118.3195014,0.00017474498154256132
03-22-2020,Los Feliz,34.1100408,-118.2889236,1.8765246762994933e-05
03-22-2020,Lynwood,33.924831,-118.2024154,2.770505201623516e-05
03-22-2020,Manhattan Beach,33.8915985,-118.3951241,0.0001275486962701117
03-22-2020,Mar Vista,34.0037605,-118.4391641,0.00011935737986679716
03-22-2020,Melrose,34.0536909,-118.2427666,0.00021897622175850786
03-22-2020,Miracle Mile,34.008544,-118.133415,0.00011740878804778538
03-22-2020,Monterey Park,34.051522,-118.129807,4.908296657449976e-05
03-22-2020,North Hollywood,34.1729044,-118.3740371,3.3035136170831295e-05
03-22-2020,Northridge,34.2345615,-118.5369316,1.4759058372075862e-05
03-22-2020,Palms,34.024732799999995,-118.4116152,2.2143489813994687e-05
03-22-2020,Paramount,33.898917,-118.171005,1.7785682525566917e-05
03-22-2020,Park La Brea,34.067401600000004,-118.3552363,0.00014812071838548417
03-22-2020,Playa Vista,33.9759574,-118.4181815,7.382253063635022e-05
03-22-2020,Rancho Palos Verdes,33.7483311,-118.3707683,2.3305677262981263e-05
03-22-2020,Redondo Beach,33.8455911,-118.38867659999998,5.770673437590167e-05
03-22-2020,Reseda,34.200078399999995,-118.5369884,2.63998521608279e-05
03-22-2020,San Dimas,34.1066756,-117.8067257,2.9129041654529566e-05
03-22-2020,San Fernando,34.28497,-118.437652,2.064409578860446e-05
03-22-2020,San Pedro,33.7358518,-118.2922934,1.2530543199047678e-05
03-22-2020,Santa Clarita,34.3916641,-118.542586,1.823519757836576e-05
03-22-2020,Santa Monica,34.0194704,-118.4912273,7.493844342147522e-05
03-22-2020,Sherman Oaks,34.1508718,-118.4489865,8.238492591241306e-05
03-22-2020,Silverlake,34.08276970000001,-118.273646,6.94637399277577e-05
03-22-2020,South El Monte,34.0519548,-118.04673390000002,3.1220730565095225e-05
03-22-2020,South Gate,33.9463456,-118.200981,1.0026168299261072e-05
03-22-2020,South Whittier,33.9435081,-118.0347827,1.5854895991882292e-05
03-22-2020,Stevenson Ranch,34.3864721,-118.5826635,3.92480081635857e-05
03-22-2020,Studio City,34.148398900000004,-118.3961877,0.00012165080137465406
03-22-2020,Sun Valley,34.2175042,-118.3703576,1.811856790839252e-05
03-22-2020,Sunland,34.266946600000004,-118.3023,2.5997660210581048e-05
03-22-2020,Sylmar,34.307625200000004,-118.4492148,1.208473818414724e-05
03-22-2020,Tarzana,34.1714436,-118.5429789,0.0002646640420815827
03-22-2020,Torrance,33.83584920000001,-118.3406288,2.0451849528925733e-05
03-22-2020,Tujunga,34.252225,-118.2884105,3.5466023549439636e-05
03-22-2020,University Park,34.128292200000004,-117.8855566,2.824060999717594e-05
03-22-2020,Valley Glen,34.1826379,-118.4138666,0.00011262529564140106
03-22-2020,Van Nuys,34.1866581,-118.448729,2.1538726630481607e-05
03-22-2020,Venice,33.995044,-118.4668875,0.00020506210452308414
03-22-2020,Vermont Knolls,33.9668188,-118.29167,2.7151041242431648e-05
03-22-2020,Vermont Vista,33.9419475,-118.2858138,2.27748929580031e-05
03-22-2020,Vernon Central,34.007135,-118.22525,1.8477116091720404e-05
03-22-2020,Walnut,34.0202894,-117.8653386,3.325905477766322e-05
03-22-2020,West Adams,34.0294356,-118.3524833,3.556061306496924e-05
03-22-2020,West Covina,34.0686208,-117.93895259999998,9.286085729143452e-06
03-22-2020,West Hills,34.2032325,-118.645476,9.628577618371327e-05
03-22-2020,West Hollywood,34.0923014,-118.3692894,0.0005307559081512934
03-22-2020,West Vernon,34.007135,-118.22525,3.228931223764934e-05
03-22-2020,Westchester,33.9597349,-118.4006322,5.905744320642545e-05
03-22-2020,Westlake,34.0629226,-118.2728204,1.7040710256803505e-05
03-22-2020,Westwood,34.05612070000001,-118.4306347,9.187629775270575e-05
03-22-2020,Whittier,33.9708782,-118.0308396,2.017796969268952e-05
03-22-2020,Winnetka,34.2058826,-118.570934,1.7929822674053755e-05
03-22-2020,Woodland Hills,34.1684364,-118.6058382,7.746773468850224e-05
03-23-2020,Agoura Hills,34.14791,-118.76570420000002,3.387189648748433e-05
03-23-2020,Alhambra,34.093042,-118.12706,4.613290891057136e-05
03-23-2020,Altadena,34.1863161,-118.13523290000002,9.356462508654728e-05
03-23-2020,Arcadia,34.136207500000005,-118.0401497,5.263804326847157e-05
03-23-2020,Baldwin Hills,34.01098870000001,-118.3370709,0.00010002000400080016
03-23-2020,Bellflower,33.8825705,-118.1167679,3.9442545358927166e-05
03-23-2020,Beverly Hills,34.0696501,-118.3963062,0.0003463003578437031
03-23-2020,Beverlywood,34.0466335,-118.395038,0.0002508061626657112
03-23-2020,Boyle Heights,34.033165600000004,-118.2048648,5.7308560752805254e-05
03-23-2020,Brentwood,34.0521403,-118.4740699,0.000520321443024802
03-23-2020,Burbank,34.181648200000005,-118.3258554,1.9103656439842588e-05
03-23-2020,Calabasas,34.144664299999995,-118.6440973,0.00011515872711220299
03-23-2020,Canoga Park,34.2010776,-118.5978259,3.14001318805539e-05
03-23-2020,Carson,33.832204299999994,-118.2517547,5.0742532390649845e-05
03-23-2020,Castaic,34.488882200000006,-118.6228656,3.53045013239188e-05
03-23-2020,Century City,34.0574263,-118.4147267,0.00014247043738424277
03-23-2020,Covina,34.0821496,-117.87212379999998,2.0353748142720484e-05
03-23-2020,Crestview,34.0621851,-118.4250119,0.00023366305787055067
03-23-2020,Culver City,34.0211224,-118.3964665,8.86666312000142e-05
03-23-2020,Del Rey,33.9896527,-118.4243437,6.835737234260716e-05
03-23-2020,Diamond Bar,34.02862260000001,-117.8103367,3.500971519596688e-05
03-23-2020,Duarte,34.1394513,-117.9772873,2.5186379206125328e-05
03-23-2020,Eagle Rock,34.1388968,-118.2139624,5.1052967453733246e-05
03-23-2020,East Hollywood,34.0904277,-118.2966254,3.356831151393085e-05
03-23-2020,East Los Angeles,34.0239015,-118.17201570000002,1.574989171949443e-05
03-23-2020,Echo Park,34.0779819,-118.2567824,6.512536633018561e-05
03-23-2020,El Segundo,33.917028,-118.4156337,3.722453841572365e-05
03-23-2020,Encino,34.1591324,-118.5016166,0.00023511156043542662
03-23-2020,Exposition Park,34.013653999999995,-118.2872106,2.212878955521133e-05
03-23-2020,Gardena,33.8963593,-118.3053037,1.648016612007449e-05
03-23-2020,Glendale,34.146941600000005,-118.2478471,4.4641749956598296e-05
03-23-2020,Glendora,34.136118700000004,-117.865339,1.8907165815844207e-05
03-23-2020,Granada Hills,34.26615579999999,-118.5174342,8.6244070720138e-05
03-23-2020,Hancock Park,34.0677881,-118.3325765,0.00018850733607716233
03-23-2020,Hawthorne,33.9188589,-118.3483256,2.630840465834152e-05
03-23-2020,Hollywood,34.0980031,-118.3295232,0.00021557033752155703
03-23-2020,Hollywood Hills,34.1311792,-118.3355474,0.00024242424242424242
03-23-2020,Hyde Park,33.9805691,-118.3306308,3.0569821472242604e-05
03-23-2020,Inglewood,33.9562003,-118.353132,2.5782277262609683e-05
03-23-2020,La Canada Flintridge,34.1998302,-118.2005236,4.968573770899063e-05
03-23-2020,La Mirada,33.906097100000004,-118.0107092,5.4943042379400023e-05
03-23-2020,La Verne,34.10084260000001,-117.7678355,5.690547999772378e-05
03-23-2020,Lake Balboa,34.1811656,-118.495236,4.800652888792876e-05
03-23-2020,Lakewood,33.8503463,-118.1171914,9.409019486079355e-06
03-23-2020,Lancaster,34.6981064,-118.1366153,4.128526941587242e-05
03-23-2020,Lawndale,33.8885217,-118.3531991,4.7357454063269556e-05
03-23-2020,Lincoln Heights,34.0705664,-118.2050727,3.0255355197870022e-05
03-23-2020,Lomita,33.8036545,-118.3195014,0.00017474498154256132
03-23-2020,Los Feliz,34.1100408,-118.2889236,3.7530493525989866e-05
03-23-2020,Lynwood,33.924831,-118.2024154,2.770505201623516e-05
03-23-2020,Manhattan Beach,33.8915985,-118.3951241,0.00016399118091871504
03-23-2020,Mar Vista,34.0037605,-118.4391641,0.0001432288558401566
03-23-2020,Melrose,34.0536909,-118.2427666,0.0002447381302006853
03-23-2020,Miracle Mile,34.008544,-118.133415,0.0001467609850597317
03-23-2020,Monterey Park,34.051522,-118.129807,4.908296657449976e-05
03-23-2020,North Hollywood,34.1729044,-118.3740371,5.9463245107496335e-05
03-23-2020,Northridge,34.2345615,-118.5369316,1.4759058372075862e-05
03-23-2020,Palmdale,34.5793131,-118.1171108,6.26217209701357e-06
03-23-2020,Palms,34.024732799999995,-118.4116152,4.4286979627989374e-05
03-23-2020,Paramount,33.898917,-118.171005,3.5571365051133835e-05
03-23-2020,Park La Brea,34.067401600000004,-118.3552363,0.00022218107757822627
03-23-2020,Playa Vista,33.9759574,-118.4181815,0.00011073379595452532
03-23-2020,Rancho Palos Verdes,33.7483311,-118.3707683,2.3305677262981263e-05
03-23-2020,Redondo Beach,33.8455911,-118.38867659999998,7.213341796987709e-05
03-23-2020,Reseda,34.200078399999995,-118.5369884,3.959977824124185e-05
03-23-2020,San Dimas,34.1066756,-117.8067257,2.9129041654529566e-05
03-23-2020,San Fernando,34.28497,-118.437652,2.064409578860446e-05
03-23-2020,San Pedro,33.7358518,-118.2922934,2.5061086398095356e-05
03-23-2020,Santa Clarita,34.3916641,-118.542586,3.191159576214008e-05
03-23-2020,Santa Monica,34.0194704,-118.4912273,0.00012846590300824324
03-23-2020,Sherman Oaks,34.1508718,-118.4489865,9.415420104275778e-05
03-23-2020,Silverlake,34.08276970000001,-118.273646,9.261831990367695e-05
03-23-2020,South El Monte,34.0519548,-118.04673390000002,3.1220730565095225e-05
03-23-2020,South Gate,33.9463456,-118.200981,1.0026168299261072e-05
03-23-2020,South Park,34.040406899999994,-118.2665377,2.5580027114828743e-05
03-23-2020,South Whittier,33.9435081,-118.0347827,3.1709791983764585e-05
03-23-2020,Stevenson Ranch,34.3864721,-118.5826635,7.84960163271714e-05
03-23-2020,Studio City,34.148398900000004,-118.3961877,0.0002128889024056446
03-23-2020,Sun Valley,34.2175042,-118.3703576,3.623713581678504e-05
03-23-2020,Sunland,34.266946600000004,-118.3023,2.5997660210581048e-05
03-23-2020,Sylmar,34.307625200000004,-118.4492148,1.208473818414724e-05
03-23-2020,Tarzana,34.1714436,-118.5429789,0.0002646640420815827
03-23-2020,Torrance,33.83584920000001,-118.3406288,2.726913270523431e-05
03-23-2020,Tujunga,34.252225,-118.2884105,3.5466023549439636e-05
03-23-2020,University Park,34.128292200000004,-117.8855566,2.824060999717594e-05
03-23-2020,Valley Glen,34.1826379,-118.4138666,0.00013139617824830122
03-23-2020,Van Nuys,34.1866581,-118.448729,4.3077453260963214e-05
03-23-2020,Venice,33.995044,-118.4668875,0.00020506210452308414
03-23-2020,Vermont Knolls,33.9668188,-118.29167,2.7151041242431648e-05
03-23-2020,Vermont Vista,33.9419475,-118.2858138,2.27748929580031e-05
03-23-2020,Vernon Central,34.007135,-118.22525,1.8477116091720404e-05
03-23-2020,Walnut,34.0202894,-117.8653386,3.325905477766322e-05
03-23-2020,West Adams,34.0294356,-118.3524833,3.556061306496924e-05
03-23-2020,West Covina,34.0686208,-117.93895259999998,9.286085729143452e-06
03-23-2020,West Hills,34.2032325,-118.645476,9.628577618371327e-05
03-23-2020,West Hollywood,34.0923014,-118.3692894,0.0006424939940778815
03-23-2020,West Vernon,34.007135,-118.22525,3.228931223764934e-05
03-23-2020,Westchester,33.9597349,-118.4006322,5.905744320642545e-05
03-23-2020,Westlake,34.0629226,-118.2728204,1.7040710256803505e-05
03-23-2020,Westwood,34.05612070000001,-118.4306347,0.00011025155730324691
03-23-2020,Whittier,33.9708782,-118.0308396,2.017796969268952e-05
03-23-2020,Wilshire Center,34.0615146,-118.4327712,1.9431436177447877e-05
03-23-2020,Winnetka,34.2058826,-118.570934,1.7929822674053755e-05
03-23-2020,Woodland Hills,34.1684364,-118.6058382,0.00010845482856390313
03-24-2020,Agoura Hills,34.14791,-118.76570420000002,0.000101615689462453
03-24-2020,Alhambra,34.093042,-118.12706,5.766613613821419e-05
03-24-2020,Altadena,34.1863161,-118.13523290000002,9.356462508654728e-05
03-24-2020,Arcadia,34.136207500000005,-118.0401497,7.018405769129542e-05
03-24-2020,Baldwin Hills,34.01098870000001,-118.3370709,0.00010002000400080016
03-24-2020,Bellflower,33.8825705,-118.1167679,3.9442545358927166e-05
03-24-2020,Beverly Hills,34.0696501,-118.3963062,0.0003463003578437031
03-24-2020,Beverlywood,34.0466335,-118.395038,0.0002508061626657112
03-24-2020,Boyle Heights,34.033165600000004,-118.2048648,5.7308560752805254e-05
03-24-2020,Brentwood,34.0521403,-118.4740699,0.0005974061012506986
03-24-2020,Burbank,34.181648200000005,-118.3258554,1.9103656439842588e-05
03-24-2020,Calabasas,34.144664299999995,-118.6440973,0.00015354496948293732
03-24-2020,Canoga Park,34.2010776,-118.5978259,3.14001318805539e-05
03-24-2020,Canyon Country,34.42332929999999,-118.4720281,3.884249368809478e-05
03-24-2020,Carson,33.832204299999994,-118.2517547,6.765670985419978e-05
03-24-2020,Castaic,34.488882200000006,-118.6228656,7.06090026478376e-05
03-24-2020,Century City,34.0574263,-118.4147267,0.00021370565607636415
03-24-2020,Claremont,34.0966764,-117.7197785,2.7137042062415198e-05
03-24-2020,Covina,34.0821496,-117.87212379999998,6.106124442816144e-05
03-24-2020,Crestview,34.0621851,-118.4250119,0.00027260690084897576
03-24-2020,Culver City,34.0211224,-118.3964665,0.00012413328368001986
03-24-2020,Del Rey,33.9896527,-118.4243437,0.00010253605851391073
03-24-2020,Diamond Bar,34.02862260000001,-117.8103367,3.500971519596688e-05
03-24-2020,Downey,33.942215000000004,-118.1235646,8.786496911546336e-06
03-24-2020,Duarte,34.1394513,-117.9772873,2.5186379206125328e-05
03-24-2020,Eagle Rock,34.1388968,-118.2139624,5.1052967453733246e-05
03-24-2020,East Hollywood,34.0904277,-118.2966254,3.356831151393085e-05
03-24-2020,East Los Angeles,34.0239015,-118.17201570000002,2.3624837579241644e-05
03-24-2020,Echo Park,34.0779819,-118.2567824,6.512536633018561e-05
03-24-2020,El Segundo,33.917028,-118.4156337,7.44490768314473e-05
03-24-2020,Encino,34.1591324,-118.5016166,0.00028213387252251193
03-24-2020,Exposition Park,34.013653999999995,-118.2872106,2.212878955521133e-05
03-24-2020,Gardena,33.8963593,-118.3053037,1.648016612007449e-05
03-24-2020,Glendale,34.146941600000005,-118.2478471,4.960194439622033e-05
03-24-2020,Glendora,34.136118700000004,-117.865339,1.8907165815844207e-05
03-24-2020,Granada Hills,34.26615579999999,-118.5174342,8.6244070720138e-05
03-24-2020,Hancock Park,34.0677881,-118.3325765,0.00021992522542335605
03-24-2020,Harbor Gateway,33.8542249,-118.2992198,2.288329519450801e-05
03-24-2020,Harvard Heights,34.10064379999999,-117.7166745,3.7082359921385395e-05
03-24-2020,Hawthorne,33.9188589,-118.3483256,5.261680931668304e-05
03-24-2020,Highland Park,34.1099469,-118.1969828,2.0760670984886232e-05
03-24-2020,Hollywood,34.0980031,-118.3295232,0.000292559743779256
03-24-2020,Hollywood Hills,34.1311792,-118.3355474,0.00027705627705627703
03-24-2020,Hyde Park,33.9805691,-118.3306308,3.0569821472242604e-05
03-24-2020,Inglewood,33.9562003,-118.353132,4.297046210434947e-05
03-24-2020,La Canada Flintridge,34.1998302,-118.2005236,4.968573770899063e-05
03-24-2020,La Mirada,33.906097100000004,-118.0107092,5.4943042379400023e-05
03-24-2020,La Puente,34.01979,-117.95036770000002,2.4765961662291348e-05
03-24-2020,La Verne,34.10084260000001,-117.7678355,5.690547999772378e-05
03-24-2020,Lake Balboa,34.1811656,-118.495236,4.800652888792876e-05
03-24-2020,Lakewood,33.8503463,-118.1171914,2.8227058458238066e-05
03-24-2020,Lancaster,34.6981064,-118.1366153,4.7183165046711336e-05
03-24-2020,Lawndale,33.8885217,-118.3531991,4.7357454063269556e-05
03-24-2020,Lincoln Heights,34.0705664,-118.2050727,3.0255355197870022e-05
03-24-2020,Lomita,33.8036545,-118.3195014,0.00019658810423538148
03-24-2020,Los Feliz,34.1100408,-118.2889236,3.7530493525989866e-05
03-24-2020,Lynwood,33.924831,-118.2024154,2.770505201623516e-05
03-24-2020,Manhattan Beach,33.8915985,-118.3951241,0.00020043366556731838
03-24-2020,Mar Vista,34.0037605,-118.4391641,0.0001432288558401566
03-24-2020,Melrose,34.0536909,-118.2427666,0.00033490480974830613
03-24-2020,Miracle Mile,34.008544,-118.133415,0.0002054653790836244
03-24-2020,Monterey Park,34.051522,-118.129807,4.908296657449976e-05
03-24-2020,North Hollywood,34.1729044,-118.3740371,6.607027234166259e-05
03-24-2020,Northridge,34.2345615,-118.5369316,2.9518116744151724e-05
03-24-2020,Norwalk,33.909280200000005,-118.0849169,9.535797383377198e-06
03-24-2020,Palmdale,34.5793131,-118.1171108,1.252434419402714e-05
03-24-2020,Palms,34.024732799999995,-118.4116152,0.0001328609388839681
03-24-2020,Paramount,33.898917,-118.171005,3.5571365051133835e-05
03-24-2020,Park La Brea,34.067401600000004,-118.3552363,0.00029624143677096834
03-24-2020,Pico Rivera,33.9830688,-118.096735,1.561231499406732e-05
03-24-2020,Playa Vista,33.9759574,-118.4181815,0.00014764506127270044
03-24-2020,Porter Ranch,34.2818164,-118.5612714,3.011503945070168e-05
03-24-2020,Rancho Palos Verdes,33.7483311,-118.3707683,6.99170317889438e-05
03-24-2020,Redondo Beach,33.8455911,-118.38867659999998,0.00010098678515782791
03-24-2020,Reseda,34.200078399999995,-118.5369884,5.27997043216558e-05
03-24-2020,San Dimas,34.1066756,-117.8067257,2.9129041654529566e-05
03-24-2020,San Fernando,34.28497,-118.437652,4.128819157720892e-05
03-24-2020,San Gabriel,34.0991325,-118.1086041,2.48071246061869e-05
03-24-2020,San Pedro,33.7358518,-118.2922934,2.5061086398095356e-05
03-24-2020,Santa Clarita,34.3916641,-118.542586,3.191159576214008e-05
03-24-2020,Santa Monica,34.0194704,-118.4912273,0.00017128787067765763
03-24-2020,Sherman Oaks,34.1508718,-118.4489865,0.00011769275130344721
03-24-2020,Silverlake,34.08276970000001,-118.273646,0.00011577289987959619
03-24-2020,South El Monte,34.0519548,-118.04673390000002,3.1220730565095225e-05
03-24-2020,South Gate,33.9463456,-118.200981,1.0026168299261072e-05
03-24-2020,South Park,34.040406899999994,-118.2665377,2.5580027114828743e-05
03-24-2020,South Whittier,33.9435081,-118.0347827,3.1709791983764585e-05
03-24-2020,Stevenson Ranch,34.3864721,-118.5826635,7.84960163271714e-05
03-24-2020,Studio City,34.148398900000004,-118.3961877,0.0002128889024056446
03-24-2020,Sun Valley,34.2175042,-118.3703576,3.623713581678504e-05
03-24-2020,Sunland,34.266946600000004,-118.3023,2.5997660210581048e-05
03-24-2020,Sylmar,34.307625200000004,-118.4492148,1.208473818414724e-05
03-24-2020,Tarzana,34.1714436,-118.5429789,0.0002977470473417805
03-24-2020,Torrance,33.83584920000001,-118.3406288,3.4086415881542886e-05
03-24-2020,Tujunga,34.252225,-118.2884105,3.5466023549439636e-05
03-24-2020,University Park,34.128292200000004,-117.8855566,2.824060999717594e-05
03-24-2020,Valley Glen,34.1826379,-118.4138666,0.0001689379434621016
03-24-2020,Van Nuys,34.1866581,-118.448729,4.3077453260963214e-05
03-24-2020,Venice,33.995044,-118.4668875,0.00023435669088352472
03-24-2020,Vermont Knolls,33.9668188,-118.29167,2.7151041242431648e-05
03-24-2020,Vermont Vista,33.9419475,-118.2858138,6.832467887400929e-05
03-24-2020,Vernon Central,34.007135,-118.22525,1.8477116091720404e-05
03-24-2020,Walnut,34.0202894,-117.8653386,3.325905477766322e-05
03-24-2020,West Adams,34.0294356,-118.3524833,0.00010668183919490771
03-24-2020,West Covina,34.0686208,-117.93895259999998,9.286085729143452e-06
03-24-2020,West Hills,34.2032325,-118.645476,9.628577618371327e-05
03-24-2020,West Hollywood,34.0923014,-118.3692894,0.0008659701659310576
03-24-2020,West Vernon,34.007135,-118.22525,6.457862447529868e-05
03-24-2020,Westchester,33.9597349,-118.4006322,5.905744320642545e-05
03-24-2020,Westlake,34.0629226,-118.2728204,1.7040710256803505e-05
03-24-2020,Westwood,34.05612070000001,-118.4306347,0.00011025155730324691
03-24-2020,Whittier,33.9708782,-118.0308396,3.0266954539034282e-05
03-24-2020,Willowbrook,33.918786299999994,-118.2343933,2.320454809142592e-05
03-24-2020,Wilshire Center,34.0615146,-118.4327712,1.9431436177447877e-05
03-24-2020,Winnetka,34.2058826,-118.570934,3.585964534810751e-05
03-24-2020,Woodland Hills,34.1684364,-118.6058382,0.00012394837550160358
03-25-2020,Agoura Hills,34.14791,-118.76570420000002,0.000101615689462453
03-25-2020,Alhambra,34.093042,-118.12706,6.919936336585703e-05
03-25-2020,Altadena,34.1863161,-118.13523290000002,9.356462508654728e-05
03-25-2020,Arcadia,34.136207500000005,-118.0401497,7.018405769129542e-05
03-25-2020,Arleta,34.2413266,-118.4322047,2.8481102788299963e-05
03-25-2020,Baldwin Hills,34.01098870000001,-118.3370709,0.00010002000400080016
03-25-2020,Bell Gardens,33.9694561,-118.1503953,4.454872145169434e-05
03-25-2020,Bellflower,33.8825705,-118.1167679,9.203260583749671e-05
03-25-2020,Beverly Hills,34.0696501,-118.3963062,0.00037515872099734505
03-25-2020,Beverlywood,34.0466335,-118.395038,0.00028663561447509855
03-25-2020,Boyle Heights,34.033165600000004,-118.2048648,5.7308560752805254e-05
03-25-2020,Brentwood,34.0521403,-118.4740699,0.000655219594920121
03-25-2020,Burbank,34.181648200000005,-118.3258554,2.865548465976388e-05
03-25-2020,Calabasas,34.144664299999995,-118.6440973,0.00015354496948293732
03-25-2020,Canoga Park,34.2010776,-118.5978259,3.14001318805539e-05
03-25-2020,Canyon Country,34.42332929999999,-118.4720281,3.884249368809478e-05
03-25-2020,Carson,33.832204299999994,-118.2517547,7.611379858597477e-05
03-25-2020,Castaic,34.488882200000006,-118.6228656,7.06090026478376e-05
03-25-2020,Century City,34.0574263,-118.4147267,0.00024932326542242484
03-25-2020,Claremont,34.0966764,-117.7197785,2.7137042062415198e-05
03-25-2020,Covina,34.0821496,-117.87212379999998,6.106124442816144e-05
03-25-2020,Crestview,34.0621851,-118.4250119,0.00027260690084897576
03-25-2020,Culver City,34.0211224,-118.3964665,0.00010639995744001702
03-25-2020,Del Rey,33.9896527,-118.4243437,0.00017089343085651787
03-25-2020,Diamond Bar,34.02862260000001,-117.8103367,3.500971519596688e-05
03-25-2020,Downey,33.942215000000004,-118.1235646,4.393248455773168e-05
03-25-2020,Duarte,34.1394513,-117.9772873,2.5186379206125328e-05
03-25-2020,Eagle Rock,34.1388968,-118.2139624,5.1052967453733246e-05
03-25-2020,East Hollywood,34.0904277,-118.2966254,3.356831151393085e-05
03-25-2020,East Los Angeles,34.0239015,-118.17201570000002,2.3624837579241644e-05
03-25-2020,Echo Park,34.0779819,-118.2567824,0.00013025073266037122
03-25-2020,El Segundo,33.917028,-118.4156337,7.44490768314473e-05
03-25-2020,Encino,34.1591324,-118.5016166,0.0003056450285660546
03-25-2020,Exposition Park,34.013653999999995,-118.2872106,2.212878955521133e-05
03-25-2020,Gardena,33.8963593,-118.3053037,1.648016612007449e-05
03-25-2020,Glassell Park,34.1161201,-118.2289627,3.186235462800701e-05
03-25-2020,Glendale,34.146941600000005,-118.2478471,5.95223332754644e-05
03-25-2020,Glendora,34.136118700000004,-117.865339,3.781433163168841e-05
03-25-2020,Granada Hills,34.26615579999999,-118.5174342,0.00012074169900819318
03-25-2020,Hancock Park,34.0677881,-118.3325765,0.0002513431147695498
03-25-2020,Harbor Gateway,33.8542249,-118.2992198,4.576659038901602e-05
03-25-2020,Harvard Heights,34.10064379999999,-117.7166745,3.7082359921385395e-05
03-25-2020,Hawthorne,33.9188589,-118.3483256,7.015574575557738e-05
03-25-2020,Highland Park,34.1099469,-118.1969828,4.1521341969772464e-05
03-25-2020,Hollywood,34.0980031,-118.3295232,0.0003541512687854151
03-25-2020,Hollywood Hills,34.1311792,-118.3355474,0.00027705627705627703
03-25-2020,Hyde Park,33.9805691,-118.3306308,3.0569821472242604e-05
03-25-2020,Inglewood,33.9562003,-118.353132,4.297046210434947e-05
03-25-2020,La Canada Flintridge,34.1998302,-118.2005236,7.452860656348595e-05
03-25-2020,La Mirada,33.906097100000004,-118.0107092,7.325738983920003e-05
03-25-2020,La Verne,34.10084260000001,-117.7678355,5.690547999772378e-05
03-25-2020,Lake Balboa,34.1811656,-118.495236,4.800652888792876e-05
03-25-2020,Lakewood,33.8503463,-118.1171914,3.763607794431742e-05
03-25-2020,Lancaster,34.6981064,-118.1366153,7.667264320090592e-05
03-25-2020,Lawndale,33.8885217,-118.3531991,2.3678727031634778e-05
03-25-2020,Lomita,33.8036545,-118.3195014,0.00019658810423538148
03-25-2020,Los Feliz,34.1100408,-118.2889236,5.62957402889848e-05
03-25-2020,Lynwood,33.924831,-118.2024154,4.155757802435274e-05
03-25-2020,Manhattan Beach,33.8915985,-118.3951241,0.00030976111951312843
03-25-2020,Mar Vista,34.0037605,-118.4391641,0.0001432288558401566
03-25-2020,Melrose,34.0536909,-118.2427666,0.00042507148929592703
03-25-2020,Miracle Mile,34.008544,-118.133415,0.00023481757609557076
03-25-2020,Monterey Park,34.051522,-118.129807,6.544395543266635e-05
03-25-2020,North Hollywood,34.1729044,-118.3740371,7.267729957582885e-05
03-25-2020,Northridge,34.2345615,-118.5369316,2.9518116744151724e-05
03-25-2020,Norwalk,33.909280200000005,-118.0849169,1.9071594766754396e-05
03-25-2020,Palmdale,34.5793131,-118.1171108,1.252434419402714e-05
03-25-2020,Palms,34.024732799999995,-118.4116152,0.0001771479185119575
03-25-2020,Panorama City,34.2242902,-118.4453745,1.31566829370979e-05
03-25-2020,Paramount,33.898917,-118.171005,5.3357047576700755e-05
03-25-2020,Park La Brea,34.067401600000004,-118.3552363,0.00029624143677096834
03-25-2020,Pico Rivera,33.9830688,-118.096735,1.561231499406732e-05
03-25-2020,Playa Vista,33.9759574,-118.4181815,0.00018455632659087555
03-25-2020,Pomona,34.05538129999999,-117.7517496,6.365048247065713e-06
03-25-2020,Porter Ranch,34.2818164,-118.5612714,3.011503945070168e-05
03-25-2020,Rancho Palos Verdes,33.7483311,-118.3707683,0.00011652838631490631
03-25-2020,Redondo Beach,33.8455911,-118.38867659999998,0.00012984015234577875
03-25-2020,Reseda,34.200078399999995,-118.5369884,6.599963040206975e-05
03-25-2020,San Dimas,34.1066756,-117.8067257,2.9129041654529566e-05
03-25-2020,San Fernando,34.28497,-118.437652,6.193228736581337e-05
03-25-2020,San Gabriel,34.0991325,-118.1086041,2.48071246061869e-05
03-25-2020,San Pedro,33.7358518,-118.2922934,5.012217279619071e-05
03-25-2020,Santa Clarita,34.3916641,-118.542586,4.558799394591441e-05
03-25-2020,Santa Monica,34.0194704,-118.4912273,0.00019269885451236486
03-25-2020,Sherman Oaks,34.1508718,-118.4489865,0.00014123130156413666
03-25-2020,Silverlake,34.08276970000001,-118.273646,0.0001389274798555154
03-25-2020,South El Monte,34.0519548,-118.04673390000002,9.366219169528567e-05
03-25-2020,South Gate,33.9463456,-118.200981,2.0052336598522144e-05
03-25-2020,South Park,34.040406899999994,-118.2665377,2.5580027114828743e-05
03-25-2020,South Whittier,33.9435081,-118.0347827,4.756468797564688e-05
03-25-2020,Stevenson Ranch,34.3864721,-118.5826635,7.84960163271714e-05
03-25-2020,Studio City,34.148398900000004,-118.3961877,0.0002128889024056446
03-25-2020,Sun Valley,34.2175042,-118.3703576,3.623713581678504e-05
03-25-2020,Sunland,34.266946600000004,-118.3023,2.5997660210581048e-05
03-25-2020,Sylmar,34.307625200000004,-118.4492148,1.208473818414724e-05
03-25-2020,Tarzana,34.1714436,-118.5429789,0.0002977470473417805
03-25-2020,Torrance,33.83584920000001,-118.3406288,6.13555485867772e-05
03-25-2020,Tujunga,34.252225,-118.2884105,3.5466023549439636e-05
03-25-2020,University Park,34.128292200000004,-117.8855566,0.00011296243998870376
03-25-2020,Valinda,34.0384785,-117.933559,2.273450643386532e-05
03-25-2020,Valley Glen,34.1826379,-118.4138666,0.00020647970867590195
03-25-2020,Van Nuys,34.1866581,-118.448729,4.3077453260963214e-05
03-25-2020,Venice,33.995044,-118.4668875,0.0002636512772439653
03-25-2020,Vermont Knolls,33.9668188,-118.29167,2.7151041242431648e-05
03-25-2020,Vermont Vista,33.9419475,-118.2858138,6.832467887400929e-05
03-25-2020,Vernon Central,34.007135,-118.22525,1.8477116091720404e-05
03-25-2020,Walnut,34.0202894,-117.8653386,3.325905477766322e-05
03-25-2020,Watts,33.9405674,-118.2428485,2.3348665623759602e-05
03-25-2020,West Adams,34.0294356,-118.3524833,0.00014224245225987695
03-25-2020,West Covina,34.0686208,-117.93895259999998,1.8572171458286904e-05
03-25-2020,West Hills,34.2032325,-118.645476,9.628577618371327e-05
03-25-2020,West Hollywood,34.0923014,-118.3692894,0.0008659701659310576
03-25-2020,West Vernon,34.007135,-118.22525,8.072328059412334e-05
03-25-2020,Westchester,33.9597349,-118.4006322,9.842907201070908e-05
03-25-2020,Westlake,34.0629226,-118.2728204,1.7040710256803505e-05
03-25-2020,Westwood,34.05612070000001,-118.4306347,0.00016537733595487037
03-25-2020,Whittier,33.9708782,-118.0308396,3.0266954539034282e-05
03-25-2020,Willowbrook,33.918786299999994,-118.2343933,2.320454809142592e-05
03-25-2020,Wilshire Center,34.0615146,-118.4327712,3.886287235489575e-05
03-25-2020,Winnetka,34.2058826,-118.570934,5.378946802216126e-05
03-25-2020,Woodland Hills,34.1684364,-118.6058382,0.00017042901631470492
03-26-2020,Agoura Hills,34.14791,-118.76570420000002,0.00016935948243742167
03-26-2020,Alhambra,34.093042,-118.12706,9.226581782114271e-05
03-26-2020,Altadena,34.1863161,-118.13523290000002,0.00011227755010385674
03-26-2020,Arcadia,34.136207500000005,-118.0401497,0.00010527608653694314
03-26-2020,Arleta,34.2413266,-118.4322047,5.696220557659993e-05
03-26-2020,Azusa,34.1338751,-117.9056046,1.526088482610222e-05
03-26-2020,Baldwin Hills,34.01098870000001,-118.3370709,0.00013336000533440022
03-26-2020,Bell,33.9747806,-118.1866361,5.4650781506175536e-05
03-26-2020,Bell Gardens,33.9694561,-118.1503953,4.454872145169434e-05
03-26-2020,Bellflower,33.8825705,-118.1167679,0.0001051801209571391
03-26-2020,Beverly Hills,34.0696501,-118.3963062,0.0004328754473046289
03-26-2020,Beverlywood,34.0466335,-118.395038,0.00035829451809387314
03-26-2020,Boyle Heights,34.033165600000004,-118.2048648,8.023198505392735e-05
03-26-2020,Brentwood,34.0521403,-118.4740699,0.0008093889113719142
03-26-2020,Burbank,34.181648200000005,-118.3258554,5.731096931952776e-05
03-26-2020,Calabasas,34.144664299999995,-118.6440973,0.00019193121185367165
03-26-2020,Canoga Park,34.2010776,-118.5978259,4.710019782083085e-05
03-26-2020,Canyon Country,34.42332929999999,-118.4720281,3.884249368809478e-05
03-26-2020,Carson,33.832204299999994,-118.2517547,0.00017759886336727446
03-26-2020,Castaic,34.488882200000006,-118.6228656,7.06090026478376e-05
03-26-2020,Century City,34.0574263,-118.4147267,0.0003205584841145462
03-26-2020,Chatsworth,34.2595715,-118.6023247,2.7747717750215044e-05
03-26-2020,Claremont,34.0966764,-117.7197785,2.7137042062415198e-05
03-26-2020,Covina,34.0821496,-117.87212379999998,8.141499257088193e-05
03-26-2020,Crestview,34.0621851,-118.4250119,0.000350494586805826
03-26-2020,Culver City,34.0211224,-118.3964665,0.0001418666099200227
03-26-2020,Del Rey,33.9896527,-118.4243437,0.00030760817554173215
03-26-2020,Diamond Bar,34.02862260000001,-117.8103367,3.500971519596688e-05
03-26-2020,Downey,33.942215000000004,-118.1235646,8.786496911546336e-05
03-26-2020,Duarte,34.1394513,-117.9772873,5.0372758412250656e-05
03-26-2020,Eagle Rock,34.1388968,-118.2139624,7.657945118059987e-05
03-26-2020,East Hollywood,34.0904277,-118.2966254,6.71366230278617e-05
03-26-2020,East Los Angeles,34.0239015,-118.17201570000002,3.149978343898886e-05
03-26-2020,Echo Park,34.0779819,-118.2567824,0.0002279387821556496
03-26-2020,El Segundo,33.917028,-118.4156337,7.44490768314473e-05
03-26-2020,Encino,34.1591324,-118.5016166,0.0004937342769143958
03-26-2020,Exposition Park,34.013653999999995,-118.2872106,4.425757911042266e-05
03-26-2020,Gardena,33.8963593,-118.3053037,6.592066448029797e-05
03-26-2020,Glassell Park,34.1161201,-118.2289627,6.372470925601402e-05
03-26-2020,Glendale,34.146941600000005,-118.2478471,0.00011408447211130677
03-26-2020,Glendora,34.136118700000004,-117.865339,3.781433163168841e-05
03-26-2020,Granada Hills,34.26615579999999,-118.5174342,0.00013799051315222077
03-26-2020,Hacienda Heights,33.993067700000005,-117.9686755,3.6607240912252445e-05
03-26-2020,Hancock Park,34.0677881,-118.3325765,0.0003141788934619372
03-26-2020,Harbor City,33.79110120000001,-118.3012604,3.198669353548924e-05
03-26-2020,Harbor Gateway,33.8542249,-118.2992198,6.864988558352403e-05
03-26-2020,Harvard Heights,34.10064379999999,-117.7166745,7.416471984277079e-05
03-26-2020,Hawthorne,33.9188589,-118.3483256,7.892521397502456e-05
03-26-2020,Highland Park,34.1099469,-118.1969828,6.228201295465869e-05
03-26-2020,Hollywood,34.0980031,-118.3295232,0.0004157427937915743
03-26-2020,Hollywood Hills,34.1311792,-118.3355474,0.0005887445887445888
03-26-2020,Hyde Park,33.9805691,-118.3306308,3.0569821472242604e-05
03-26-2020,Inglewood,33.9562003,-118.353132,0.00010312910905043873
03-26-2020,La Canada Flintridge,34.1998302,-118.2005236,0.0001490572131269719
03-26-2020,La Mirada,33.906097100000004,-118.0107092,9.157173729900003e-05
03-26-2020,La Puente,34.01979,-117.95036770000002,2.4765961662291348e-05
03-26-2020,La Verne,34.10084260000001,-117.7678355,5.690547999772378e-05
03-26-2020,Lake Balboa,34.1811656,-118.495236,7.200979333189313e-05
03-26-2020,Lakewood,33.8503463,-118.1171914,6.586313640255549e-05
03-26-2020,Lancaster,34.6981064,-118.1366153,9.436633009342267e-05
03-26-2020,Lawndale,33.8885217,-118.3531991,4.7357454063269556e-05
03-26-2020,Leimert Park,34.007702,-118.3320627,7.062645667066883e-05
03-26-2020,Lincoln Heights,34.0705664,-118.2050727,3.0255355197870022e-05
03-26-2020,Lomita,33.8036545,-118.3195014,0.000262117472313842
03-26-2020,Los Feliz,34.1100408,-118.2889236,9.382623381497467e-05
03-26-2020,Lynwood,33.924831,-118.2024154,8.311515604870549e-05
03-26-2020,Manhattan Beach,33.8915985,-118.3951241,0.0003826460888103351
03-26-2020,Mar Vista,34.0037605,-118.4391641,0.00019097180778687546
03-26-2020,Maywood,33.9866807,-118.185349,2.4112654320987653e-05
03-26-2020,Melrose,34.0536909,-118.2427666,0.0006054048483911688
03-26-2020,Miracle Mile,34.008544,-118.133415,0.0003815785611553025
03-26-2020,Monrovia,34.1483499,-118.0014517,5.317169139150316e-05
03-26-2020,Montebello,34.0159398,-118.111975,1.569095102854184e-05
03-26-2020,Monterey Park,34.051522,-118.129807,6.544395543266635e-05
03-26-2020,North Hills,34.2429575,-118.4854081,1.6415239908731266e-05
03-26-2020,North Hollywood,34.1729044,-118.3740371,9.910540851249389e-05
03-26-2020,Northridge,34.2345615,-118.5369316,5.903623348830345e-05
03-26-2020,Norwalk,33.909280200000005,-118.0849169,8.582217645039479e-05
03-26-2020,Pacoima,34.262502500000004,-118.427027,1.2509382036527396e-05
03-26-2020,Palmdale,34.5793131,-118.1171108,1.252434419402714e-05
03-26-2020,Palms,34.024732799999995,-118.4116152,0.00022143489813994686
03-26-2020,Panorama City,34.2242902,-118.4453745,5.26267317483916e-05
03-26-2020,Paramount,33.898917,-118.171005,7.114273010226767e-05
03-26-2020,Park La Brea,34.067401600000004,-118.3552363,0.00029624143677096834
03-26-2020,Pico Rivera,33.9830688,-118.096735,3.122462998813464e-05
03-26-2020,Playa Vista,33.9759574,-118.4181815,0.0002952901225454009
03-26-2020,Pomona,34.05538129999999,-117.7517496,1.909514474119714e-05
03-26-2020,Porter Ranch,34.2818164,-118.5612714,6.023007890140336e-05
03-26-2020,Rancho Palos Verdes,33.7483311,-118.3707683,0.0001398340635778876
03-26-2020,Redondo Beach,33.8455911,-118.38867659999998,0.00028853367187950835
03-26-2020,Reseda,34.200078399999995,-118.5369884,0.0001055994086433116
03-26-2020,San Dimas,34.1066756,-117.8067257,2.9129041654529566e-05
03-26-2020,San Fernando,34.28497,-118.437652,6.193228736581337e-05
03-26-2020,San Gabriel,34.0991325,-118.1086041,7.442137381856069e-05
03-26-2020,San Pedro,33.7358518,-118.2922934,6.26527159952384e-05
03-26-2020,Santa Clarita,34.3916641,-118.542586,7.294079031346305e-05
03-26-2020,Santa Monica,34.0194704,-118.4912273,0.00022481533026442565
03-26-2020,Sherman Oaks,34.1508718,-118.4489865,0.00020007767721586027
03-26-2020,Silverlake,34.08276970000001,-118.273646,0.0002547003797351116
03-26-2020,South El Monte,34.0519548,-118.04673390000002,0.0001248829222603809
03-26-2020,South Gate,33.9463456,-118.200981,4.010467319704429e-05
03-26-2020,South Park,34.040406899999994,-118.2665377,5.1160054229657485e-05
03-26-2020,South Whittier,33.9435081,-118.0347827,6.341958396752917e-05
03-26-2020,Stevenson Ranch,34.3864721,-118.5826635,0.0001177440244907571
03-26-2020,Studio City,34.148398900000004,-118.3961877,0.00033453970378029865
03-26-2020,Sun Valley,34.2175042,-118.3703576,3.623713581678504e-05
03-26-2020,Sunland,34.266946600000004,-118.3023,2.5997660210581048e-05
03-26-2020,Sylmar,34.307625200000004,-118.4492148,2.416947636829448e-05
03-26-2020,Tarzana,34.1714436,-118.5429789,0.0004631620736427697
03-26-2020,Torrance,33.83584920000001,-118.3406288,9.544196446832009e-05
03-26-2020,Tujunga,34.252225,-118.2884105,7.093204709887927e-05
03-26-2020,University Park,34.128292200000004,-117.8855566,0.00016944365998305564
03-26-2020,Valinda,34.0384785,-117.933559,2.273450643386532e-05
03-26-2020,Valley Glen,34.1826379,-118.4138666,0.00022525059128280213
03-26-2020,Van Nuys,34.1866581,-118.448729,4.3077453260963214e-05
03-26-2020,Venice,33.995044,-118.4668875,0.0003222404499648465
03-26-2020,Vermont Knolls,33.9668188,-118.29167,8.145312372729494e-05
03-26-2020,Vermont Vista,33.9419475,-118.2858138,0.00011387446479001549
03-26-2020,Vernon Central,34.007135,-118.22525,1.8477116091720404e-05
03-26-2020,Walnut,34.0202894,-117.8653386,3.325905477766322e-05
03-26-2020,Watts,33.9405674,-118.2428485,2.3348665623759602e-05
03-26-2020,West Adams,34.0294356,-118.3524833,0.00021336367838981543
03-26-2020,West Covina,34.0686208,-117.93895259999998,3.714434291657381e-05
03-26-2020,West Hills,34.2032325,-118.645476,9.628577618371327e-05
03-26-2020,West Hollywood,34.0923014,-118.3692894,0.0009777082518576457
03-26-2020,West Vernon,34.007135,-118.22525,9.686793671294802e-05
03-26-2020,Westchester,33.9597349,-118.4006322,0.00013780070081499272
03-26-2020,Westlake,34.0629226,-118.2728204,1.7040710256803505e-05
03-26-2020,Westwood,34.05612070000001,-118.4306347,0.00020212785505595266
03-26-2020,Whittier,33.9708782,-118.0308396,3.0266954539034282e-05
03-26-2020,Willowbrook,33.918786299999994,-118.2343933,2.320454809142592e-05
03-26-2020,Wilshire Center,34.0615146,-118.4327712,3.886287235489575e-05
03-26-2020,Winnetka,34.2058826,-118.570934,8.964911337026876e-05
03-26-2020,Woodland Hills,34.1684364,-118.6058382,0.00020141611019010582
03-27-2020,Agoura Hills,34.14791,-118.76570420000002,0.000203231378924906
03-27-2020,Alhambra,34.093042,-118.12706,9.226581782114271e-05
03-27-2020,Altadena,34.1863161,-118.13523290000002,0.0001684163251557851
03-27-2020,Arcadia,34.136207500000005,-118.0401497,0.00010527608653694314
03-27-2020,Arleta,34.2413266,-118.4322047,5.696220557659993e-05
03-27-2020,Avalon,33.342209999999994,-118.3272612,0.0
03-27-2020,Azusa,34.1338751,-117.9056046,1.526088482610222e-05
03-27-2020,Baldwin Hills,34.01098870000001,-118.3370709,0.00016670000666800026
03-27-2020,Baldwin Park,34.0854739,-117.9611761,0.0
03-27-2020,Bassett,34.049732299999995,-117.9967323,0.0
03-27-2020,Bell,33.9747806,-118.1866361,0.00010930156301235107
03-27-2020,Bell Gardens,33.9694561,-118.1503953,1.4849573817231445e-05
03-27-2020,Bellflower,33.8825705,-118.1167679,0.00013147515119642388
03-27-2020,Beverly Hills,34.0696501,-118.3963062,0.0006060256262264804
03-27-2020,Beverlywood,34.0466335,-118.395038,0.00028663561447509855
03-27-2020,Boyle Heights,34.033165600000004,-118.2048648,9.16936972044884e-05
03-27-2020,Brentwood,34.0521403,-118.4740699,0.0005781349366942245
03-27-2020,Burbank,34.181648200000005,-118.3258554,6.686279753944904e-05
03-27-2020,Calabasas,34.144664299999995,-118.6440973,0.0002687036965951403
03-27-2020,Canoga Park,34.2010776,-118.5978259,3.14001318805539e-05
03-27-2020,Canyon Country,34.42332929999999,-118.4720281,0.0
03-27-2020,Carson,33.832204299999994,-118.2517547,0.00017759886336727446
03-27-2020,Castaic,34.488882200000006,-118.6228656,0.0001059135039717564
03-27-2020,Central,34.0536909,-118.2427666,5.114173933055463e-05
03-27-2020,Century City,34.0574263,-118.4147267,0.00021370565607636415
03-27-2020,Chatsworth,34.2595715,-118.6023247,8.324315325064514e-05
03-27-2020,Claremont,34.0966764,-117.7197785,2.7137042062415198e-05
03-27-2020,Covina,34.0821496,-117.87212379999998,6.106124442816144e-05
03-27-2020,Crestview,34.0621851,-118.4250119,0.00027260690084897576
03-27-2020,Culver City,34.0211224,-118.3964665,0.00010639995744001702
03-27-2020,Del Rey,33.9896527,-118.4243437,0.00030760817554173215
03-27-2020,Diamond Bar,34.02862260000001,-117.8103367,3.500971519596688e-05
03-27-2020,Downey,33.942215000000004,-118.1235646,0.00010543796293855603
03-27-2020,Duarte,34.1394513,-117.9772873,0.0
03-27-2020,Eagle Rock,34.1388968,-118.2139624,0.00010210593490746649
03-27-2020,East Hollywood,34.0904277,-118.2966254,0.00010070493454179255
03-27-2020,East Los Angeles,34.0239015,-118.17201570000002,4.724967515848329e-05
03-27-2020,Echo Park,34.0779819,-118.2567824,0.0
03-27-2020,El Monte,34.0751571,-118.036849,0.0
03-27-2020,El Segundo,33.917028,-118.4156337,0.0
03-27-2020,El Sereno,34.0811213,-118.1778495,0.0
03-27-2020,Encino,34.1591324,-118.5016166,0.0005407565890014813
03-27-2020,Exposition Park,34.013653999999995,-118.2872106,4.425757911042266e-05
03-27-2020,Gardena,33.8963593,-118.3053037,8.240083060037245e-05
03-27-2020,Glassell Park,34.1161201,-118.2289627,0.00012744941851202803
03-27-2020,Glendale,34.146941600000005,-118.2478471,0.00014384563874903896
03-27-2020,Glendora,34.136118700000004,-117.865339,7.562866326337683e-05
03-27-2020,Granada Hills,34.26615579999999,-118.5174342,0.00013799051315222077
03-27-2020,Hacienda Heights,33.993067700000005,-117.9686755,3.6607240912252445e-05
03-27-2020,Hancock Park,34.0677881,-118.3325765,0.0004398504508467121
03-27-2020,Harbor City,33.79110120000001,-118.3012604,3.198669353548924e-05
03-27-2020,Harbor Gateway,33.8542249,-118.2992198,9.153318077803204e-05
03-27-2020,Harvard Heights,34.10064379999999,-117.7166745,0.0
03-27-2020,Harvard Park,34.006081,-118.306737,2.5223225546082833e-05
03-27-2020,Hawthorne,33.9188589,-118.3483256,6.138627753613021e-05
03-27-2020,Highland Park,34.1099469,-118.1969828,0.00010380335492443116
03-27-2020,Hollywood,34.0980031,-118.3295232,0.00046193643754619364
03-27-2020,Hollywood Hills,34.1311792,-118.3355474,0.000658008658008658
03-27-2020,Hyde Park,33.9805691,-118.3306308,6.113964294448521e-05
03-27-2020,Inglewood,33.9562003,-118.353132,0.00010312910905043873
03-27-2020,La Canada Flintridge,34.1998302,-118.2005236,0.0001242143442724766
03-27-2020,La Mirada,33.906097100000004,-118.0107092,9.157173729900003e-05
03-27-2020,La Puente,34.01979,-117.95036770000002,2.4765961662291348e-05
03-27-2020,La Verne,34.10084260000001,-117.7678355,2.845273999886189e-05
03-27-2020,Lake Balboa,34.1811656,-118.495236,7.200979333189313e-05
03-27-2020,Lake Los Angeles,34.6127395,-117.8403955,0.0
03-27-2020,Lakewood,33.8503463,-118.1171914,7.527215588863484e-05
03-27-2020,Lancaster,34.6981064,-118.1366153,0.0001061621213551005
03-27-2020,Lawndale,33.8885217,-118.3531991,4.7357454063269556e-05
03-27-2020,Leimert Park,34.007702,-118.3320627,0.0
03-27-2020,Lincoln Heights,34.0705664,-118.2050727,3.0255355197870022e-05
03-27-2020,Lomita,33.8036545,-118.3195014,0.0
03-27-2020,Los Feliz,34.1100408,-118.2889236,0.0001125914805779696
03-27-2020,Lynwood,33.924831,-118.2024154,0.00011082020806494064
03-27-2020,Manhattan Beach,33.8915985,-118.3951241,0.00040086733113463676
03-27-2020,Mar Vista,34.0037605,-118.4391641,0.00019097180778687546
03-27-2020,Maywood,33.9866807,-118.185349,2.4112654320987653e-05
03-27-2020,Melrose,34.0536909,-118.2427666,0.0006311667568333462
03-27-2020,Miracle Mile,34.008544,-118.133415,0.0002054653790836244
03-27-2020,Monrovia,34.1483499,-118.0014517,0.00010634338278300632
03-27-2020,Montebello,34.0159398,-118.111975,3.138190205708368e-05
03-27-2020,Monterey Park,34.051522,-118.129807,6.544395543266635e-05
03-27-2020,North Hills,34.2429575,-118.4854081,1.6415239908731266e-05
03-27-2020,North Hollywood,34.1729044,-118.3740371,0.00011892649021499267
03-27-2020,Northridge,34.2345615,-118.5369316,0.00010331340860453103
03-27-2020,Norwalk,33.909280200000005,-118.0849169,8.582217645039479e-05
03-27-2020,Pacoima,34.262502500000004,-118.427027,2.5018764073054793e-05
03-27-2020,Palmdale,34.5793131,-118.1171108,2.504868838805428e-05
03-27-2020,Palms,34.024732799999995,-118.4116152,0.0002657218777679362
03-27-2020,Panorama City,34.2242902,-118.4453745,5.26267317483916e-05
03-27-2020,Paramount,33.898917,-118.171005,8.89284126278346e-05
03-27-2020,Park La Brea,34.067401600000004,-118.3552363,0.0
03-27-2020,Pico Rivera,33.9830688,-118.096735,3.122462998813464e-05
03-27-2020,Playa Vista,33.9759574,-118.4181815,0.00018455632659087555
03-27-2020,Pomona,34.05538129999999,-117.7517496,2.5460192988262852e-05
03-27-2020,Porter Ranch,34.2818164,-118.5612714,6.023007890140336e-05
03-27-2020,Rancho Palos Verdes,33.7483311,-118.3707683,0.00016313974084086885
03-27-2020,Redondo Beach,33.8455911,-118.38867659999998,0.0003318137226614346
03-27-2020,Reseda,34.200078399999995,-118.5369884,0.0001055994086433116
03-27-2020,Rosemead,34.0676169,-118.0879763,0.0
03-27-2020,Rowland Heights,33.9761238,-117.9053395,1.9660657059158918e-05
03-27-2020,San Dimas,34.1066756,-117.8067257,2.9129041654529566e-05
03-27-2020,San Fernando,34.28497,-118.437652,0.0
03-27-2020,San Gabriel,34.0991325,-118.1086041,0.00012403562303093448
03-27-2020,San Pedro,33.7358518,-118.2922934,0.00010024434559238142
03-27-2020,Santa Clarita,34.3916641,-118.542586,0.00010941118547019457
03-27-2020,Santa Monica,34.0194704,-118.4912273,0.00029975377368590087
03-27-2020,Sherman Oaks,34.1508718,-118.4489865,0.00024715477773723917
03-27-2020,Silverlake,34.08276970000001,-118.273646,0.0002778549597110308
03-27-2020,South El Monte,34.0519548,-118.04673390000002,0.0
03-27-2020,South Gate,33.9463456,-118.200981,4.010467319704429e-05
03-27-2020,South Park,34.040406899999994,-118.2665377,7.674008134448623e-05
03-27-2020,South Whittier,33.9435081,-118.0347827,4.756468797564688e-05
03-27-2020,Stevenson Ranch,34.3864721,-118.5826635,0.0
03-27-2020,Studio City,34.148398900000004,-118.3961877,0.00030412700343663516
03-27-2020,Sun Valley,34.2175042,-118.3703576,5.435570372517756e-05
03-27-2020,Sunland,34.266946600000004,-118.3023,0.0
03-27-2020,Sylmar,34.307625200000004,-118.4492148,4.833895273658896e-05
03-27-2020,Tarzana,34.1714436,-118.5429789,0.0005624110894233632
03-27-2020,Temple City,34.1082994,-118.0577568,0.0
03-27-2020,Torrance,33.83584920000001,-118.3406288,0.00014316294670248012
03-27-2020,Tujunga,34.252225,-118.2884105,7.093204709887927e-05
03-27-2020,University Park,34.128292200000004,-117.8855566,0.00011296243998870376
03-27-2020,Valinda,34.0384785,-117.933559,0.0
03-27-2020,Valley Glen,34.1826379,-118.4138666,3.754176521380035e-05
03-27-2020,Van Nuys,34.1866581,-118.448729,4.3077453260963214e-05
03-27-2020,Venice,33.995044,-118.4668875,0.0003222404499648465
03-27-2020,Vermont Knolls,33.9668188,-118.29167,0.0
03-27-2020,Vermont Vista,33.9419475,-118.2858138,4.55497859160062e-05
03-27-2020,Vernon Central,34.007135,-118.22525,5.543134827516121e-05
03-27-2020,Walnut,34.0202894,-117.8653386,3.325905477766322e-05
03-27-2020,Watts,33.9405674,-118.2428485,2.3348665623759602e-05
03-27-2020,West Adams,34.0294356,-118.3524833,0.00021336367838981543
03-27-2020,West Covina,34.0686208,-117.93895259999998,4.6430428645717256e-05
03-27-2020,West Hills,34.2032325,-118.645476,0.00012035722022964157
03-27-2020,West Hollywood,34.0923014,-118.3692894,0.0011732499022291747
03-27-2020,West Vernon,34.007135,-118.22525,9.686793671294802e-05
03-27-2020,Westchester,33.9597349,-118.4006322,0.00015748651521713453
03-27-2020,Westlake,34.0629226,-118.2728204,1.7040710256803505e-05
03-27-2020,Westwood,34.05612070000001,-118.4306347,0.0002940041528086584
03-27-2020,Whittier,33.9708782,-118.0308396,4.035593938537904e-05
03-27-2020,Willowbrook,33.918786299999994,-118.2343933,2.320454809142592e-05
03-27-2020,Wilshire Center,34.0615146,-118.4327712,7.77257447097915e-05
03-27-2020,Winnetka,34.2058826,-118.570934,5.378946802216126e-05
03-27-2020,Woodland Hills,34.1684364,-118.6058382,0.00021690965712780626
